cliente_id;regiao;canal_aquisicao;data_cadastro
1;Sul;Organico;2025-05-09
2;Sudeste;Organico;2024-11-13
3;Nordeste;Indicacao;2024-10-29
4;Sul;Organico;2024-11-04
5;Sudeste;Marketing Pago;2024-08-28
6;Sul;Redes Sociais;2026-07-20
7;Sul;Organico;2026-03-27
8;Sudeste;Indicacao;2025-01-11
9;Nordeste;Marketing Pago;2025-01-07
10;Sudeste;Indicacao;2024-11-13
11;Sudeste;Organico;2025-07-19
12;Sul;Indicacao;2025-11-14
13;Sul;Email Marketing;2025-08-23
14;Sudeste;Organico;2026-05-06
15;Sul;Indicacao;2026-03-15
16;Sudeste;Organico;2026-06-09
17;Sudeste;Organico;2024-10-21
18;Centro-Oeste;Indicacao;2025-08-25
19;Sudeste;Redes Sociais;2025-08-09
20;Sudeste;Marketing Pago;2026-06-18
21;Sudeste;Email Marketing;2026-05-26
22;Sudeste;Redes Sociais;2026-01-29
23;Nordeste;Organico;2025-08-24
24;Sudeste;Email Marketing;2026-07-06
25;Sul;Redes Sociais;2024-09-27
26;Sudeste;Organico;2025-06-20
27;Sudeste;Organico;2026-03-04
28;Centro-Oeste;Marketing Pago;2026-06-03
29;Sul;Indicacao;2026-05-21
30;Sul;Organico;2025-04-10
31;Nordeste;Marketing Pago;2026-03-22
32;Sudeste;Redes Sociais;2025-08-06
33;Sudeste;Email Marketing;2026-01-04
34;Sul;Indicacao;2024-11-21
35;Sudeste;Organico;2026-06-28
36;Sudeste;Organico;2025-08-26
37;Sul;Marketing Pago;2025-04-15
38;Norte;Indicacao;2024-08-12
39;Nordeste;Organico;2026-02-01
40;Nordeste;Indicacao;2025-07-15
41;Sudeste;Marketing Pago;2025-11-08
42;Sudeste;Redes Sociais;2025-04-27
43;Norte;Indicacao;2026-01-02
44;Centro-Oeste;Indicacao;2025-06-02
45;Nordeste;Marketing Pago;2025-02-20
46;Sudeste;Indicacao;2026-02-04
47;Norte;Email Marketing;2024-08-01
48;Sul;Marketing Pago;2024-11-23
49;Centro-Oeste;Indicacao;2025-06-11
50;Sudeste;Organico;2026-03-04
51;Centro-Oeste;Organico;2025-12-11
52;Nordeste;Email Marketing;2026-01-28
53;Nordeste;Organico;2025-11-30
54;Centro-Oeste;Organico;2026-01-23
55;Centro-Oeste;Marketing Pago;2025-03-05
56;Centro-Oeste;Indicacao;2026-07-08
57;Sudeste;Marketing Pago;2026-06-19
58;Sul;Marketing Pago;2026-01-12
59;Sul;Organico;2024-10-05
60;Sudeste;Redes Sociais;2025-03-24
61;Sul;Organico;2026-07-26
62;Sul;Organico;2024-09-02
63;Centro-Oeste;Organico;2025-04-01
64;Sudeste;Marketing Pago;2026-02-04
65;Sudeste;Email Marketing;2026-03-08
66;Sul;Organico;2025-11-28
67;Nordeste;Organico;2024-11-08
68;Nordeste;Marketing Pago;2025-09-25
69;Sul;Redes Sociais;2026-06-21
70;Nordeste;Redes Sociais;2024-10-02
71;Sudeste;Marketing Pago;2024-11-20
72;Sudeste;Organico;2025-11-03
73;Sudeste;Organico;2025-11-17
74;Sudeste;Email Marketing;2025-10-28
75;Nordeste;Indicacao;2024-11-09
76;Sudeste;Email Marketing;2024-08-16
77;Norte;Email Marketing;2025-03-31
78;Sudeste;Marketing Pago;2025-03-07
79;Centro-Oeste;Email Marketing;2025-01-16
80;Sudeste;Email Marketing;2025-04-29
81;Centro-Oeste;Indicacao;2025-05-20
82;Sudeste;Email Marketing;2026-02-21
83;Nordeste;Marketing Pago;2025-02-11
84;Sudeste;Email Marketing;2026-03-17
85;Nordeste;Organico;2025-06-18
86;Sudeste;Redes Sociais;2025-12-28
87;Centro-Oeste;Marketing Pago;2024-09-28
88;Norte;Organico;2025-02-07
89;Sudeste;Organico;2025-03-29
90;Sudeste;Email Marketing;2026-03-07
91;Sudeste;Redes Sociais;2026-04-27
92;Sudeste;Redes Sociais;2026-03-02
93;Sul;Email Marketing;2025-02-26
94;Nordeste;Marketing Pago;2025-04-29
95;Sudeste;Redes Sociais;2025-06-04
96;Sul;Email Marketing;2024-10-14
97;Sudeste;Redes Sociais;2026-02-28
98;Norte;Organico;2025-03-07
99;Sul;Organico;2025-07-24
100;Centro-Oeste;Indicacao;2025-08-14
101;Sudeste;Marketing Pago;2026-02-08
102;Nordeste;Redes Sociais;2026-06-01
103;Sul;Redes Sociais;2026-02-19
104;Sudeste;Redes Sociais;2024-12-16
105;Sudeste;Indicacao;2026-02-18
106;Sudeste;Organico;2025-03-04
107;Nordeste;Organico;2026-05-12
108;Centro-Oeste;Marketing Pago;2025-04-15
109;Centro-Oeste;Indicacao;2024-11-03
110;Sul;Indicacao;2024-09-15
111;Sudeste;Indicacao;2026-05-15
112;Norte;Organico;2025-10-27
113;Sul;Marketing Pago;2024-08-10
114;Sudeste;Email Marketing;2026-07-09
115;Centro-Oeste;Marketing Pago;2025-08-14
116;Sul;Organico;2024-12-09
117;Sudeste;Marketing Pago;2024-09-10
118;Centro-Oeste;Organico;2025-04-13
119;Nordeste;Marketing Pago;2026-02-25
120;Centro-Oeste;Marketing Pago;2026-04-28
121;Nordeste;Email Marketing;2025-03-31
122;Centro-Oeste;Email Marketing;2025-01-29
123;Centro-Oeste;Organico;2025-07-07
124;Nordeste;Marketing Pago;2026-06-17
125;Centro-Oeste;Indicacao;2025-05-01
126;Sudeste;Redes Sociais;2025-08-27
127;Centro-Oeste;Indicacao;2025-03-16
128;Sudeste;Email Marketing;2025-07-25
129;Sudeste;Indicacao;2025-03-22
130;Sudeste;Redes Sociais;2025-09-13
131;Sudeste;Indicacao;2025-05-13
132;Sudeste;Marketing Pago;2026-06-27
133;Norte;Marketing Pago;2024-08-29
134;Sudeste;Email Marketing;2025-01-30
135;Sul;Email Marketing;2024-09-09
136;Sudeste;Marketing Pago;2025-06-18
137;Sudeste;Email Marketing;2024-11-27
138;Sudeste;Redes Sociais;2025-04-18
139;Sudeste;Marketing Pago;2026-01-15
140;Centro-Oeste;Marketing Pago;2026-06-18
141;Sudeste;Marketing Pago;2026-06-12
142;Centro-Oeste;Redes Sociais;2026-06-11
143;Nordeste;Redes Sociais;2025-06-04
144;Sul;Redes Sociais;2025-07-01
145;Sudeste;Organico;2024-12-09
146;Sudeste;Redes Sociais;2025-08-24
147;Nordeste;Email Marketing;2026-04-23
148;Sul;Marketing Pago;2024-08-01
149;Sudeste;Organico;2026-03-17
150;Sul;Marketing Pago;2025-10-27
151;Sudeste;Organico;2025-11-28
152;Nordeste;Email Marketing;2025-01-21
153;Nordeste;Organico;2026-06-11
154;Sul;Marketing Pago;2025-03-29
155;Nordeste;Organico;2025-02-20
156;Sudeste;Organico;2025-11-30
157;Sul;Indicacao;2025-11-10
158;Sudeste;Redes Sociais;2025-02-16
159;Nordeste;Marketing Pago;2025-09-14
160;Sudeste;Redes Sociais;2024-08-06
161;Centro-Oeste;Indicacao;2024-11-18
162;Nordeste;Organico;2026-07-14
163;Sul;Organico;2025-04-13
164;Centro-Oeste;Organico;2024-12-15
165;Nordeste;Redes Sociais;2026-02-24
166;Sul;Email Marketing;2025-10-28
167;Sul;Redes Sociais;2025-12-30
168;Sudeste;Email Marketing;2025-10-31
169;Centro-Oeste;Redes Sociais;2025-11-30
170;Sul;Indicacao;2026-05-15
171;Sudeste;Indicacao;2025-12-10
172;Sul;Organico;2024-10-19
173;Nordeste;Organico;2025-07-10
174;Sudeste;Marketing Pago;2024-12-20
175;Sudeste;Marketing Pago;2025-01-04
176;Nordeste;Organico;2025-09-22
177;Sudeste;Marketing Pago;2024-10-03
178;Sudeste;Marketing Pago;2026-03-22
179;Centro-Oeste;Organico;2026-03-13
180;Sudeste;Organico;2025-07-27
181;Sudeste;Marketing Pago;2025-10-04
182;Sul;Redes Sociais;2026-04-10
183;Centro-Oeste;Marketing Pago;2025-05-07
184;Sudeste;Organico;2025-07-11
185;Nordeste;Indicacao;2025-01-17
186;Nordeste;Email Marketing;2026-04-30
187;Sul;Email Marketing;2026-03-30
188;Sul;Organico;2026-05-21
189;Sudeste;Indicacao;2025-02-03
190;Sudeste;Marketing Pago;2025-03-05
191;Sul;Marketing Pago;2025-08-24
192;Sudeste;Email Marketing;2025-10-06
193;Sudeste;Organico;2024-08-20
194;Nordeste;Organico;2025-07-25
195;Sudeste;Organico;2026-05-30
196;Sudeste;Organico;2025-04-11
197;Sudeste;Organico;2025-01-04
198;Sudeste;Marketing Pago;2024-11-26
199;Sul;Organico;2026-07-18
200;Sudeste;Marketing Pago;2026-04-13
201;Sul;Redes Sociais;2024-11-26
202;Nordeste;Organico;2025-06-15
203;Sudeste;Organico;2025-06-16
204;Sul;Email Marketing;2025-08-20
205;Sudeste;Redes Sociais;2024-10-17
206;Sul;Indicacao;2025-04-06
207;Sudeste;Indicacao;2026-07-02
208;Sul;Organico;2026-03-03
209;Nordeste;Marketing Pago;2025-10-13
210;Nordeste;Organico;2026-05-26
211;Sudeste;Indicacao;2025-12-15
212;Sudeste;Email Marketing;2026-05-13
213;Centro-Oeste;Marketing Pago;2025-01-04
214;Sudeste;Redes Sociais;2026-05-29
215;Sudeste;Indicacao;2026-02-03
216;Nordeste;Marketing Pago;2026-03-30
217;Sudeste;Indicacao;2024-10-28
218;Sudeste;Marketing Pago;2025-11-19
219;Sul;Redes Sociais;2025-07-11
220;Sudeste;Indicacao;2025-02-03
221;Sul;Marketing Pago;2025-04-22
222;Sudeste;Indicacao;2026-07-20
223;Centro-Oeste;Redes Sociais;2026-01-12
224;Centro-Oeste;Organico;2025-09-21
225;Sul;Indicacao;2026-07-09
226;Sul;Redes Sociais;2025-11-02
227;Nordeste;Organico;2025-03-15
228;Sudeste;Organico;2026-06-11
229;Sul;Marketing Pago;2026-01-26
230;Sudeste;Email Marketing;2026-02-15
231;Sudeste;Redes Sociais;2025-05-05
232;Sudeste;Organico;2025-02-14
233;Sudeste;Redes Sociais;2026-07-08
234;Sudeste;Organico;2025-12-09
235;Sudeste;Redes Sociais;2026-01-20
236;Sul;Email Marketing;2025-02-15
237;Sudeste;Marketing Pago;2025-06-06
238;Sudeste;Marketing Pago;2025-05-08
239;Sudeste;Organico;2025-05-27
240;Nordeste;Organico;2025-12-16
241;Sudeste;Organico;2025-05-19
242;Sul;Marketing Pago;2025-02-05
243;Norte;Organico;2025-12-03
244;Sudeste;Organico;2025-12-17
245;Sudeste;Redes Sociais;2024-09-24
246;Sudeste;Indicacao;2025-06-08
247;Sudeste;Organico;2026-02-23
248;Nordeste;Redes Sociais;2026-04-26
249;Sudeste;Marketing Pago;2025-11-05
250;Centro-Oeste;Organico;2026-03-26
251;Norte;Marketing Pago;2026-04-28
252;Sudeste;Email Marketing;2024-11-10
253;Centro-Oeste;Organico;2025-03-05
254;Sudeste;Organico;2025-04-03
255;Sudeste;Organico;2024-08-03
256;Sudeste;Redes Sociais;2025-11-25
257;Sudeste;Organico;2026-07-25
258;Sudeste;Indicacao;2024-10-12
259;Nordeste;Email Marketing;2026-05-03
260;Sul;Indicacao;2025-02-19
261;Sudeste;Marketing Pago;2026-05-26
262;Sudeste;Organico;2024-12-24
263;Sudeste;Organico;2025-06-11
264;Sul;Indicacao;2025-05-23
265;Sudeste;Marketing Pago;2025-06-08
266;Nordeste;Email Marketing;2025-12-26
267;Sul;Marketing Pago;2026-04-05
268;Sudeste;Marketing Pago;2025-06-27
269;Sul;Organico;2025-03-23
270;Norte;Indicacao;2026-03-13
271;Sul;Organico;2026-06-20
272;Nordeste;Redes Sociais;2025-01-27
273;Sul;Redes Sociais;2025-05-12
274;Sudeste;Redes Sociais;2026-05-13
275;Nordeste;Email Marketing;2025-11-25
276;Sudeste;Marketing Pago;2026-06-18
277;Sudeste;Organico;2025-09-26
278;Nordeste;Organico;2025-09-15
279;Nordeste;Redes Sociais;2025-11-09
280;Sudeste;Organico;2024-11-27
281;Norte;Marketing Pago;2026-01-09
282;Nordeste;Organico;2026-02-07
283;Sul;Organico;2026-01-13
284;Sudeste;Indicacao;2026-05-03
285;Sudeste;Organico;2025-05-01
286;Sul;Email Marketing;2025-10-23
287;Centro-Oeste;Marketing Pago;2024-08-30
288;Norte;Redes Sociais;2025-04-03
289;Nordeste;Marketing Pago;2024-08-15
290;Sul;Organico;2024-11-25
291;Sul;Organico;2025-01-05
292;Sul;Redes Sociais;2026-01-04
293;Nordeste;Marketing Pago;2025-12-08
294;Norte;Organico;2026-02-16
295;Sudeste;Organico;2026-04-06
296;Sul;Indicacao;2024-10-11
297;Sudeste;Indicacao;2025-09-29
298;Sudeste;Indicacao;2025-05-01
299;Nordeste;Organico;2025-06-02
300;Nordeste;Redes Sociais;2026-06-07
301;Sul;Organico;2026-02-03
302;Sul;Marketing Pago;2026-02-08
303;Sudeste;Email Marketing;2025-02-10
304;Norte;Organico;2025-08-28
305;Sudeste;Indicacao;2024-09-14
306;Sudeste;Marketing Pago;2025-08-26
307;Sudeste;Redes Sociais;2026-05-30
308;Norte;Marketing Pago;2024-09-07
309;Sudeste;Email Marketing;2025-07-06
310;Centro-Oeste;Indicacao;2025-10-25
311;Sudeste;Email Marketing;2024-08-16
312;Nordeste;Marketing Pago;2026-06-02
313;Norte;Organico;2025-04-29
314;Sudeste;Redes Sociais;2026-05-28
315;Sudeste;Marketing Pago;2026-06-22
316;Centro-Oeste;Marketing Pago;2025-06-21
317;Sul;Indicacao;2025-12-13
318;Centro-Oeste;Organico;2024-10-10
319;Sudeste;Redes Sociais;2025-05-22
320;Norte;Redes Sociais;2025-10-19
321;Norte;Indicacao;2026-07-22
322;Centro-Oeste;Marketing Pago;2026-07-12
323;Sudeste;Organico;2025-06-29
324;Nordeste;Organico;2025-08-19
325;Sudeste;Organico;2025-09-26
326;Sul;Indicacao;2025-01-22
327;Sudeste;Redes Sociais;2025-08-27
328;Sul;Organico;2026-03-21
329;Sudeste;Marketing Pago;2025-04-18
330;Sul;Redes Sociais;2025-11-20
331;Centro-Oeste;Redes Sociais;2025-01-09
332;Sudeste;Email Marketing;2026-03-25
333;Sudeste;Email Marketing;2026-07-08
334;Sudeste;Indicacao;2025-02-20
335;Norte;Indicacao;2024-11-18
336;Sudeste;Redes Sociais;2026-03-12
337;Sudeste;Redes Sociais;2024-08-23
338;Norte;Redes Sociais;2025-05-09
339;Sudeste;Indicacao;2024-09-20
340;Centro-Oeste;Redes Sociais;2025-05-21
341;Nordeste;Organico;2025-07-27
342;Sudeste;Organico;2025-04-14
343;Nordeste;Redes Sociais;2026-06-07
344;Nordeste;Organico;2024-11-08
345;Centro-Oeste;Redes Sociais;2025-06-13
346;Nordeste;Organico;2025-08-09
347;Nordeste;Organico;2025-05-30
348;Sudeste;Marketing Pago;2025-02-22
349;Sudeste;Marketing Pago;2025-08-10
350;Sul;Email Marketing;2025-01-16
351;Sudeste;Indicacao;2025-12-07
352;Norte;Organico;2025-07-13
353;Nordeste;Marketing Pago;2024-10-17
354;Sudeste;Email Marketing;2026-06-24
355;Nordeste;Email Marketing;2026-02-22
356;Sudeste;Indicacao;2024-08-15
357;Sudeste;Organico;2025-08-13
358;Nordeste;Redes Sociais;2026-03-22
359;Sudeste;Redes Sociais;2025-08-16
360;Sudeste;Organico;2024-08-26
361;Sul;Email Marketing;2025-07-02
362;Centro-Oeste;Organico;2024-10-04
363;Sul;Marketing Pago;2026-07-19
364;Sudeste;Marketing Pago;2024-12-22
365;Sudeste;Organico;2025-12-18
366;Sudeste;Organico;2026-02-02
367;Sudeste;Marketing Pago;2026-06-18
368;Centro-Oeste;Redes Sociais;2026-02-05
369;Sudeste;Redes Sociais;2025-01-06
370;Centro-Oeste;Redes Sociais;2025-12-15
371;Sul;Email Marketing;2025-05-14
372;Sudeste;Marketing Pago;2025-10-29
373;Sudeste;Organico;2025-08-07
374;Sudeste;Redes Sociais;2026-02-09
375;Centro-Oeste;Redes Sociais;2024-10-02
376;Sudeste;Organico;2024-12-04
377;Centro-Oeste;Indicacao;2024-11-02
378;Nordeste;Redes Sociais;2026-04-04
379;Norte;Organico;2025-07-08
380;Sudeste;Organico;2026-03-02
381;Sudeste;Indicacao;2026-02-19
382;Sudeste;Organico;2025-03-27
383;Sudeste;Organico;2026-04-03
384;Sudeste;Indicacao;2024-12-27
385;Norte;Marketing Pago;2025-01-26
386;Sudeste;Indicacao;2024-12-13
387;Sudeste;Indicacao;2025-04-01
388;Sul;Organico;2025-04-29
389;Sudeste;Redes Sociais;2026-01-21
390;Sudeste;Organico;2025-11-03
391;Nordeste;Marketing Pago;2024-11-20
392;Sul;Organico;2026-04-22
393;Sudeste;Indicacao;2026-06-06
394;Sul;Marketing Pago;2024-09-01
395;Sudeste;Marketing Pago;2025-09-16
396;Sudeste;Organico;2026-07-31
397;Centro-Oeste;Organico;2024-10-22
398;Sudeste;Organico;2024-12-08
399;Sudeste;Redes Sociais;2026-02-13
400;Nordeste;Marketing Pago;2026-04-04
401;Sul;Marketing Pago;2026-04-12
402;Sudeste;Indicacao;2024-11-26
403;Centro-Oeste;Redes Sociais;2026-02-16
404;Nordeste;Organico;2025-11-06
405;Centro-Oeste;Marketing Pago;2025-11-08
406;Sudeste;Redes Sociais;2025-06-17
407;Sudeste;Redes Sociais;2025-08-19
408;Norte;Redes Sociais;2025-11-29
409;Sudeste;Indicacao;2024-11-04
410;Sudeste;Redes Sociais;2025-08-17
411;Nordeste;Redes Sociais;2026-03-24
412;Norte;Redes Sociais;2026-06-18
413;Sudeste;Marketing Pago;2026-06-13
414;Centro-Oeste;Marketing Pago;2024-09-22
415;Norte;Redes Sociais;2025-07-27
416;Sudeste;Marketing Pago;2025-01-06
417;Nordeste;Organico;2024-11-19
418;Sudeste;Redes Sociais;2024-11-26
419;Nordeste;Redes Sociais;2025-10-14
420;Nordeste;Email Marketing;2026-04-29
421;Sul;Redes Sociais;2024-08-27
422;Sul;Redes Sociais;2026-07-12
423;Sudeste;Organico;2026-07-21
424;Nordeste;Email Marketing;2025-07-26
425;Sudeste;Indicacao;2026-03-03
426;Nordeste;Organico;2026-05-11
427;Norte;Organico;2026-01-26
428;Sudeste;Marketing Pago;2025-07-16
429;Sudeste;Marketing Pago;2025-06-29
430;Nordeste;Redes Sociais;2024-10-26
431;Centro-Oeste;Organico;2026-04-25
432;Sudeste;Organico;2025-10-28
433;Nordeste;Marketing Pago;2025-10-27
434;Sudeste;Organico;2026-01-07
435;Sudeste;Marketing Pago;2025-05-18
436;Nordeste;Redes Sociais;2026-01-22
437;Nordeste;Organico;2025-09-09
438;Norte;Organico;2025-02-26
439;Sudeste;Organico;2024-12-19
440;Nordeste;Organico;2024-12-01
441;Sudeste;Redes Sociais;2025-01-27
442;Sudeste;Marketing Pago;2025-03-24
443;Sul;Indicacao;2025-07-29
444;Sudeste;Indicacao;2024-09-13
445;Sudeste;Marketing Pago;2024-10-19
446;Centro-Oeste;Redes Sociais;2026-03-11
447;Sudeste;Redes Sociais;2025-05-24
448;Sudeste;Organico;2025-06-29
449;Sudeste;Email Marketing;2025-11-15
450;Nordeste;Email Marketing;2024-10-30
451;Sudeste;Organico;2025-10-21
452;Sul;Marketing Pago;2025-09-10
453;Centro-Oeste;Redes Sociais;2025-03-15
454;Sudeste;Organico;2026-01-05
455;Sul;Marketing Pago;2025-02-15
456;Centro-Oeste;Marketing Pago;2026-05-23
457;Nordeste;Organico;2024-12-28
458;Sudeste;Organico;2025-01-04
459;Nordeste;Redes Sociais;2025-01-29
460;Norte;Redes Sociais;2025-11-19
461;Nordeste;Indicacao;2025-11-03
462;Nordeste;Indicacao;2026-05-21
463;Sul;Redes Sociais;2026-05-05
464;Sudeste;Marketing Pago;2025-11-24
465;Sudeste;Marketing Pago;2025-05-09
466;Sul;Marketing Pago;2024-10-15
467;Sudeste;Marketing Pago;2024-09-28
468;Sudeste;Organico;2026-05-23
469;Centro-Oeste;Indicacao;2026-04-22
470;Sul;Marketing Pago;2026-03-18
471;Sul;Indicacao;2024-09-12
472;Sudeste;Indicacao;2026-05-30
473;Sudeste;Redes Sociais;2025-12-27
474;Sudeste;Organico;2024-11-14
475;Nordeste;Indicacao;2024-10-26
476;Sul;Organico;2025-04-11
477;Nordeste;Email Marketing;2026-01-19
478;Sul;Organico;2025-08-17
479;Centro-Oeste;Marketing Pago;2025-07-13
480;Nordeste;Organico;2026-05-09
481;Sul;Organico;2024-11-05
482;Sul;Marketing Pago;2025-04-16
483;Nordeste;Redes Sociais;2026-04-10
484;Centro-Oeste;Marketing Pago;2026-03-20
485;Nordeste;Email Marketing;2025-06-14
486;Norte;Redes Sociais;2025-09-06
487;Sudeste;Redes Sociais;2024-10-26
488;Sudeste;Marketing Pago;2025-07-03
489;Nordeste;Redes Sociais;2026-07-03
490;Centro-Oeste;Organico;2026-06-18
491;Sudeste;Marketing Pago;2025-08-07
492;Sudeste;Email Marketing;2025-07-16
493;Centro-Oeste;Marketing Pago;2025-03-20
494;Norte;Organico;2025-05-30
495;Nordeste;Organico;2026-02-04
496;Nordeste;Indicacao;2024-09-08
497;Nordeste;Indicacao;2026-04-25
498;Sudeste;Marketing Pago;2025-01-14
499;Sudeste;Redes Sociais;2026-05-02
500;Nordeste;Organico;2025-10-23
501;Sudeste;Marketing Pago;2025-04-01
502;Norte;Redes Sociais;2025-11-03
503;Sudeste;Organico;2025-11-24
504;Centro-Oeste;Organico;2026-06-26
505;Centro-Oeste;Email Marketing;2025-11-16
506;Nordeste;Indicacao;2025-12-28
507;Sul;Email Marketing;2025-02-21
508;Nordeste;Organico;2025-04-14
509;Sudeste;Marketing Pago;2025-08-16
510;Sul;Organico;2026-01-11
511;Centro-Oeste;Organico;2025-01-12
512;Sudeste;Email Marketing;2024-12-29
513;Nordeste;Organico;2025-03-16
514;Nordeste;Indicacao;2024-08-28
515;Sudeste;Marketing Pago;2025-08-18
516;Sudeste;Email Marketing;2025-08-19
517;Sudeste;Marketing Pago;2024-11-10
518;Nordeste;Redes Sociais;2024-12-28
519;Sudeste;Organico;2025-11-27
520;Nordeste;Organico;2026-07-24
521;Sul;Redes Sociais;2024-10-21
522;Sudeste;Organico;2025-01-01
523;Sul;Redes Sociais;2026-01-23
524;Sudeste;Indicacao;2025-04-01
525;Sudeste;Organico;2025-10-04
526;Sul;Redes Sociais;2024-10-04
527;Sudeste;Email Marketing;2026-04-04
528;Sul;Redes Sociais;2026-03-12
529;Sudeste;Organico;2025-10-14
530;Sudeste;Marketing Pago;2026-03-08
531;Sudeste;Redes Sociais;2024-10-27
532;Sul;Marketing Pago;2026-01-21
533;Sul;Indicacao;2026-01-02
534;Sul;Marketing Pago;2025-11-25
535;Sudeste;Marketing Pago;2025-08-18
536;Sudeste;Organico;2024-10-09
537;Sudeste;Redes Sociais;2026-05-06
538;Sudeste;Redes Sociais;2025-07-07
539;Sudeste;Marketing Pago;2025-07-13
540;Nordeste;Organico;2026-07-03
541;Sul;Redes Sociais;2026-05-09
542;Sudeste;Organico;2025-11-12
543;Sudeste;Organico;2025-02-21
544;Centro-Oeste;Marketing Pago;2025-06-14
545;Sul;Email Marketing;2026-02-08
546;Sul;Organico;2026-05-25
547;Sudeste;Marketing Pago;2024-09-18
548;Centro-Oeste;Marketing Pago;2024-12-06
549;Nordeste;Marketing Pago;2025-09-14
550;Nordeste;Indicacao;2025-08-31
551;Sudeste;Organico;2026-07-10
552;Sul;Email Marketing;2026-01-14
553;Sudeste;Organico;2025-10-09
554;Sudeste;Redes Sociais;2025-02-01
555;Sul;Marketing Pago;2024-10-21
556;Sudeste;Organico;2025-10-31
557;Sul;Marketing Pago;2026-07-08
558;Sudeste;Marketing Pago;2025-07-28
559;Sul;Marketing Pago;2026-05-17
560;Norte;Email Marketing;2024-10-16
561;Nordeste;Marketing Pago;2026-01-08
562;Nordeste;Redes Sociais;2024-09-01
563;Sudeste;Redes Sociais;2025-10-23
564;Sudeste;Organico;2026-05-23
565;Sudeste;Marketing Pago;2026-03-04
566;Sudeste;Organico;2025-11-04
567;Centro-Oeste;Marketing Pago;2024-10-18
568;Sul;Marketing Pago;2025-09-12
569;Sudeste;Organico;2024-11-25
570;Sudeste;Organico;2026-01-13
571;Sudeste;Redes Sociais;2025-04-26
572;Nordeste;Redes Sociais;2025-03-08
573;Norte;Organico;2025-12-16
574;Sudeste;Organico;2024-10-15
575;Sul;Indicacao;2025-10-30
576;Norte;Indicacao;2025-06-24
577;Nordeste;Redes Sociais;2026-02-15
578;Sul;Indicacao;2025-01-09
579;Nordeste;Email Marketing;2026-05-16
580;Sudeste;Marketing Pago;2025-03-18
581;Sudeste;Organico;2024-12-21
582;Sudeste;Marketing Pago;2025-08-05
583;Sul;Marketing Pago;2026-02-16
584;Sudeste;Indicacao;2024-10-07
585;Sudeste;Email Marketing;2025-12-04
586;Sul;Indicacao;2026-03-12
587;Sudeste;Email Marketing;2026-05-20
588;Sudeste;Marketing Pago;2026-01-12
589;Sudeste;Indicacao;2026-02-16
590;Sul;Organico;2024-12-11
591;Sudeste;Email Marketing;2024-09-26
592;Nordeste;Marketing Pago;2025-06-08
593;Sudeste;Marketing Pago;2026-07-28
594;Sudeste;Email Marketing;2026-01-14
595;Centro-Oeste;Indicacao;2025-04-14
596;Sudeste;Email Marketing;2025-05-09
597;Sudeste;Marketing Pago;2026-01-29
598;Sudeste;Redes Sociais;2026-03-30
599;Centro-Oeste;Organico;2026-06-06
600;Sul;Email Marketing;2025-07-12
601;Nordeste;Redes Sociais;2024-08-30
602;Sudeste;Email Marketing;2026-03-14
603;Sudeste;Organico;2026-03-09
604;Sudeste;Redes Sociais;2025-12-23
605;Centro-Oeste;Marketing Pago;2026-05-20
606;Norte;Marketing Pago;2026-07-03
607;Sudeste;Marketing Pago;2026-07-07
608;Sudeste;Marketing Pago;2025-12-09
609;Sul;Marketing Pago;2024-12-26
610;Sudeste;Redes Sociais;2025-07-20
611;Norte;Organico;2025-08-15
612;Sul;Organico;2025-04-05
613;Sul;Organico;2025-04-11
614;Sudeste;Organico;2025-08-29
615;Centro-Oeste;Marketing Pago;2025-01-11
616;Nordeste;Email Marketing;2025-06-17
617;Sudeste;Organico;2026-01-10
618;Sul;Indicacao;2025-12-23
619;Sudeste;Email Marketing;2025-12-31
620;Sul;Organico;2026-03-21
621;Sudeste;Organico;2025-12-20
622;Sul;Indicacao;2026-06-20
623;Sul;Marketing Pago;2024-11-19
624;Sudeste;Indicacao;2025-08-10
625;Nordeste;Marketing Pago;2025-09-15
626;Sudeste;Redes Sociais;2025-08-07
627;Sul;Organico;2025-12-30
628;Sul;Marketing Pago;2026-05-01
629;Nordeste;Organico;2024-11-08
630;Sudeste;Indicacao;2025-07-14
631;Sul;Marketing Pago;2024-12-26
632;Sudeste;Marketing Pago;2025-12-26
633;Sudeste;Organico;2025-07-08
634;Nordeste;Marketing Pago;2024-12-31
635;Sul;Marketing Pago;2025-07-02
636;Centro-Oeste;Marketing Pago;2025-09-07
637;Norte;Redes Sociais;2025-06-03
638;Sul;Marketing Pago;2026-01-04
639;Sul;Redes Sociais;2025-06-03
640;Sul;Organico;2025-07-06
641;Nordeste;Email Marketing;2026-03-21
642;Sudeste;Indicacao;2026-07-06
643;Sul;Redes Sociais;2025-04-29
644;Norte;Indicacao;2026-03-16
645;Sul;Redes Sociais;2026-03-21
646;Sul;Marketing Pago;2026-04-27
647;Nordeste;Marketing Pago;2026-06-29
648;Sudeste;Redes Sociais;2026-07-19
649;Sudeste;Organico;2025-06-18
650;Sudeste;Marketing Pago;2025-02-25
651;Sudeste;Indicacao;2025-11-26
652;Centro-Oeste;Redes Sociais;2024-10-03
653;Nordeste;Marketing Pago;2026-02-26
654;Sudeste;Redes Sociais;2026-01-21
655;Sudeste;Email Marketing;2025-11-14
656;Centro-Oeste;Marketing Pago;2025-07-29
657;Nordeste;Indicacao;2026-06-29
658;Sul;Redes Sociais;2026-04-17
659;Sul;Email Marketing;2025-05-13
660;Sul;Organico;2025-06-01
661;Nordeste;Redes Sociais;2026-07-08
662;Nordeste;Marketing Pago;2025-07-24
663;Sul;Email Marketing;2025-05-08
664;Sudeste;Redes Sociais;2026-02-08
665;Sudeste;Email Marketing;2025-07-20
666;Norte;Indicacao;2025-05-25
667;Sudeste;Email Marketing;2024-10-20
668;Sudeste;Marketing Pago;2025-04-20
669;Nordeste;Organico;2026-02-03
670;Sudeste;Redes Sociais;2025-05-06
671;Sudeste;Redes Sociais;2026-03-24
672;Sudeste;Organico;2026-01-26
673;Sudeste;Organico;2024-11-11
674;Sudeste;Redes Sociais;2024-11-11
675;Nordeste;Organico;2026-02-15
676;Norte;Organico;2026-05-31
677;Centro-Oeste;Indicacao;2025-12-02
678;Nordeste;Indicacao;2025-05-22
679;Sudeste;Redes Sociais;2024-10-31
680;Nordeste;Organico;2024-09-08
681;Centro-Oeste;Organico;2025-01-28
682;Centro-Oeste;Organico;2025-09-11
683;Nordeste;Organico;2025-05-24
684;Centro-Oeste;Organico;2026-03-05
685;Sul;Email Marketing;2025-07-10
686;Sudeste;Email Marketing;2026-02-08
687;Sul;Indicacao;2024-12-16
688;Centro-Oeste;Marketing Pago;2025-02-14
689;Nordeste;Marketing Pago;2025-11-13
690;Sul;Redes Sociais;2024-08-15
691;Nordeste;Indicacao;2026-03-05
692;Nordeste;Organico;2026-04-18
693;Centro-Oeste;Indicacao;2025-10-12
694;Sul;Organico;2026-06-17
695;Sudeste;Email Marketing;2025-12-02
696;Sudeste;Organico;2025-04-25
697;Sudeste;Marketing Pago;2025-05-01
698;Norte;Marketing Pago;2026-03-10
699;Sudeste;Redes Sociais;2026-07-11
700;Sudeste;Redes Sociais;2025-11-20
701;Sudeste;Marketing Pago;2025-12-28
702;Centro-Oeste;Indicacao;2025-06-15
703;Nordeste;Redes Sociais;2025-05-30
704;Sudeste;Organico;2024-12-15
705;Sul;Marketing Pago;2026-04-13
706;Sudeste;Redes Sociais;2025-11-26
707;Nordeste;Indicacao;2025-03-12
708;Nordeste;Redes Sociais;2026-04-03
709;Centro-Oeste;Organico;2025-11-01
710;Sul;Marketing Pago;2026-03-01
711;Sudeste;Indicacao;2025-12-31
712;Sudeste;Marketing Pago;2025-01-16
713;Sudeste;Marketing Pago;2024-11-28
714;Nordeste;Redes Sociais;2025-12-14
715;Sudeste;Marketing Pago;2024-09-26
716;Sul;Marketing Pago;2025-11-11
717;Sul;Redes Sociais;2026-06-20
718;Nordeste;Redes Sociais;2025-09-10
719;Sudeste;Organico;2025-03-12
720;Sul;Organico;2025-07-19
721;Nordeste;Marketing Pago;2024-10-01
722;Centro-Oeste;Organico;2025-11-27
723;Sudeste;Marketing Pago;2024-12-17
724;Nordeste;Email Marketing;2026-05-24
725;Norte;Marketing Pago;2025-08-27
726;Sudeste;Email Marketing;2025-08-22
727;Sudeste;Redes Sociais;2026-06-09
728;Centro-Oeste;Organico;2025-07-23
729;Sudeste;Email Marketing;2025-09-07
730;Sul;Redes Sociais;2025-03-17
731;Nordeste;Indicacao;2025-06-02
732;Sul;Redes Sociais;2025-10-09
733;Sul;Indicacao;2025-04-11
734;Sul;Organico;2025-02-10
735;Centro-Oeste;Redes Sociais;2024-11-24
736;Sudeste;Redes Sociais;2026-04-22
737;Nordeste;Indicacao;2024-08-17
738;Sudeste;Organico;2026-04-01
739;Sudeste;Redes Sociais;2026-07-22
740;Centro-Oeste;Organico;2024-09-15
741;Sudeste;Organico;2025-03-11
742;Nordeste;Indicacao;2024-12-22
743;Sul;Organico;2026-03-13
744;Sudeste;Redes Sociais;2026-06-20
745;Nordeste;Organico;2024-12-25
746;Norte;Marketing Pago;2025-09-28
747;Sudeste;Organico;2026-03-29
748;Centro-Oeste;Email Marketing;2026-05-04
749;Nordeste;Redes Sociais;2024-09-18
750;Norte;Email Marketing;2026-06-19
751;Sudeste;Marketing Pago;2026-07-15
752;Sudeste;Organico;2025-08-21
753;Sudeste;Marketing Pago;2025-04-04
754;Nordeste;Marketing Pago;2026-07-26
755;Sudeste;Marketing Pago;2024-09-29
756;Sul;Email Marketing;2026-02-22
757;Sul;Marketing Pago;2025-04-19
758;Sudeste;Redes Sociais;2025-11-04
759;Nordeste;Organico;2025-02-12
760;Sudeste;Marketing Pago;2026-04-12
761;Sul;Indicacao;2025-02-09
762;Nordeste;Redes Sociais;2026-06-19
763;Sul;Marketing Pago;2025-07-07
764;Sudeste;Email Marketing;2025-03-05
765;Centro-Oeste;Email Marketing;2024-11-29
766;Nordeste;Indicacao;2025-04-06
767;Nordeste;Redes Sociais;2025-09-11
768;Centro-Oeste;Redes Sociais;2025-05-17
769;Sudeste;Marketing Pago;2025-08-03
770;Sudeste;Marketing Pago;2025-12-23
771;Sul;Indicacao;2025-11-24
772;Nordeste;Marketing Pago;2025-02-25
773;Sudeste;Marketing Pago;2026-02-28
774;Centro-Oeste;Redes Sociais;2024-08-17
775;Sudeste;Email Marketing;2026-03-17
776;Nordeste;Organico;2025-02-17
777;Sudeste;Marketing Pago;2025-04-09
778;Sul;Redes Sociais;2026-07-03
779;Sudeste;Indicacao;2025-12-14
780;Norte;Redes Sociais;2025-12-16
781;Sul;Redes Sociais;2025-07-27
782;Sudeste;Redes Sociais;2025-12-14
783;Sudeste;Indicacao;2026-05-20
784;Norte;Marketing Pago;2024-10-16
785;Centro-Oeste;Redes Sociais;2024-08-07
786;Sudeste;Indicacao;2025-03-25
787;Sudeste;Organico;2025-03-12
788;Sul;Marketing Pago;2026-04-25
789;Sul;Email Marketing;2025-12-08
790;Nordeste;Organico;2026-01-27
791;Sul;Organico;2026-01-25
792;Nordeste;Marketing Pago;2025-05-21
793;Sudeste;Indicacao;2026-06-22
794;Sudeste;Email Marketing;2025-01-31
795;Sudeste;Organico;2024-12-31
796;Sudeste;Redes Sociais;2025-04-16
797;Nordeste;Organico;2025-09-11
798;Sudeste;Email Marketing;2025-11-14
799;Sul;Email Marketing;2025-03-20
800;Sudeste;Indicacao;2024-10-22
801;Nordeste;Indicacao;2024-09-02
802;Sudeste;Marketing Pago;2026-02-17
803;Sul;Redes Sociais;2026-07-21
804;Sudeste;Marketing Pago;2025-10-19
805;Sul;Marketing Pago;2024-11-06
806;Centro-Oeste;Email Marketing;2025-03-24
807;Sudeste;Indicacao;2026-03-04
808;Sul;Organico;2024-10-16
809;Nordeste;Organico;2026-02-08
810;Sul;Organico;2025-06-19
811;Sudeste;Organico;2024-12-26
812;Nordeste;Redes Sociais;2025-09-12
813;Centro-Oeste;Organico;2026-03-01
814;Sudeste;Indicacao;2025-09-03
815;Nordeste;Marketing Pago;2025-08-29
816;Nordeste;Organico;2026-07-07
817;Nordeste;Marketing Pago;2025-07-21
818;Sudeste;Marketing Pago;2024-10-17
819;Sudeste;Indicacao;2026-04-02
820;Sudeste;Indicacao;2024-08-31
821;Sul;Indicacao;2025-11-05
822;Sul;Marketing Pago;2025-08-20
823;Sudeste;Redes Sociais;2026-06-08
824;Sudeste;Indicacao;2025-05-30
825;Nordeste;Redes Sociais;2024-10-24
826;Sudeste;Marketing Pago;2026-05-12
827;Sudeste;Marketing Pago;2025-08-05
828;Sudeste;Organico;2025-06-12
829;Sudeste;Indicacao;2024-11-13
830;Sudeste;Organico;2025-11-03
831;Sul;Marketing Pago;2024-11-14
832;Sudeste;Marketing Pago;2024-11-04
833;Sul;Indicacao;2025-08-30
834;Sudeste;Marketing Pago;2024-10-26
835;Nordeste;Redes Sociais;2025-04-06
836;Sul;Organico;2025-08-25
837;Sudeste;Organico;2025-05-02
838;Sul;Organico;2025-10-20
839;Sudeste;Organico;2024-10-18
840;Sudeste;Email Marketing;2026-05-03
841;Sul;Redes Sociais;2025-11-12
842;Sudeste;Marketing Pago;2025-09-10
843;Sudeste;Redes Sociais;2025-07-04
844;Sudeste;Marketing Pago;2026-05-29
845;Norte;Organico;2025-06-25
846;Sul;Redes Sociais;2025-12-04
847;Sudeste;Email Marketing;2025-06-23
848;Sudeste;Redes Sociais;2025-12-16
849;Norte;Indicacao;2025-06-30
850;Sudeste;Indicacao;2025-09-07
851;Sudeste;Email Marketing;2025-02-21
852;Sul;Marketing Pago;2026-06-30
853;Nordeste;Organico;2025-11-16
854;Centro-Oeste;Organico;2025-05-26
855;Nordeste;Organico;2025-09-23
856;Nordeste;Organico;2025-06-07
857;Sudeste;Redes Sociais;2025-10-08
858;Nordeste;Organico;2026-04-05
859;Sul;Marketing Pago;2026-01-01
860;Centro-Oeste;Indicacao;2025-10-03
861;Sul;Indicacao;2025-08-04
862;Nordeste;Indicacao;2026-04-01
863;Sul;Organico;2025-04-12
864;Nordeste;Marketing Pago;2026-05-25
865;Sul;Redes Sociais;2026-05-23
866;Nordeste;Marketing Pago;2025-07-06
867;Norte;Marketing Pago;2024-08-11
868;Sudeste;Organico;2026-01-14
869;Sul;Redes Sociais;2025-03-15
870;Sudeste;Marketing Pago;2026-06-27
871;Sul;Marketing Pago;2025-07-20
872;Norte;Marketing Pago;2025-05-30
873;Sudeste;Email Marketing;2024-11-27
874;Nordeste;Redes Sociais;2025-07-23
875;Sudeste;Marketing Pago;2025-02-28
876;Sul;Marketing Pago;2024-11-08
877;Sudeste;Redes Sociais;2025-06-23
878;Sudeste;Organico;2026-07-29
879;Sudeste;Indicacao;2026-05-26
880;Sudeste;Indicacao;2025-04-07
881;Sul;Redes Sociais;2025-07-05
882;Sul;Email Marketing;2025-03-26
883;Nordeste;Redes Sociais;2025-02-07
884;Sul;Marketing Pago;2024-08-30
885;Nordeste;Indicacao;2025-11-04
886;Sul;Marketing Pago;2026-07-23
887;Sudeste;Organico;2026-07-22
888;Nordeste;Organico;2024-11-13
889;Nordeste;Marketing Pago;2025-08-10
890;Sudeste;Marketing Pago;2025-04-26
891;Nordeste;Marketing Pago;2026-05-17
892;Sudeste;Marketing Pago;2025-09-06
893;Sul;Marketing Pago;2025-11-12
894;Sul;Indicacao;2026-07-24
895;Nordeste;Email Marketing;2026-03-28
896;Sudeste;Organico;2024-11-29
897;Sudeste;Organico;2025-08-18
898;Nordeste;Marketing Pago;2025-10-03
899;Sul;Redes Sociais;2025-10-08
900;Sudeste;Redes Sociais;2026-07-12
901;Centro-Oeste;Email Marketing;2025-01-25
902;Sul;Marketing Pago;2024-12-22
903;Sudeste;Indicacao;2026-04-27
904;Sudeste;Marketing Pago;2024-08-10
905;Sul;Organico;2025-08-29
906;Norte;Marketing Pago;2025-12-20
907;Sudeste;Marketing Pago;2026-07-29
908;Nordeste;Marketing Pago;2024-10-24
909;Sul;Indicacao;2025-03-14
910;Sudeste;Organico;2026-02-02
911;Sudeste;Indicacao;2026-03-03
912;Nordeste;Indicacao;2026-02-14
913;Sul;Redes Sociais;2025-05-02
914;Nordeste;Indicacao;2025-08-11
915;Sul;Indicacao;2025-10-26
916;Sul;Email Marketing;2024-11-13
917;Nordeste;Redes Sociais;2025-04-11
918;Sudeste;Email Marketing;2025-11-04
919;Sudeste;Indicacao;2024-10-29
920;Sudeste;Email Marketing;2025-03-31
921;Sudeste;Redes Sociais;2026-07-07
922;Sudeste;Redes Sociais;2026-05-10
923;Sudeste;Redes Sociais;2025-02-28
924;Nordeste;Indicacao;2026-03-07
925;Sudeste;Organico;2026-02-03
926;Sudeste;Email Marketing;2025-05-27
927;Sudeste;Organico;2026-01-09
928;Norte;Redes Sociais;2024-11-06
929;Sudeste;Indicacao;2025-09-26
930;Centro-Oeste;Email Marketing;2026-06-03
931;Sudeste;Indicacao;2025-04-13
932;Sudeste;Marketing Pago;2025-04-11
933;Nordeste;Redes Sociais;2025-12-15
934;Sudeste;Redes Sociais;2026-05-05
935;Sudeste;Marketing Pago;2026-05-11
936;Nordeste;Indicacao;2025-09-17
937;Sul;Organico;2025-08-13
938;Sul;Marketing Pago;2026-03-19
939;Sudeste;Indicacao;2024-11-04
940;Nordeste;Marketing Pago;2026-06-12
941;Nordeste;Indicacao;2026-01-30
942;Sudeste;Email Marketing;2025-03-05
943;Sul;Marketing Pago;2025-05-18
944;Sudeste;Redes Sociais;2026-03-03
945;Centro-Oeste;Indicacao;2026-06-30
946;Nordeste;Organico;2026-05-04
947;Nordeste;Marketing Pago;2024-12-06
948;Centro-Oeste;Organico;2025-11-11
949;Sudeste;Email Marketing;2025-02-24
950;Norte;Email Marketing;2026-05-28
951;Sudeste;Indicacao;2025-05-08
952;Sudeste;Marketing Pago;2024-10-24
953;Sudeste;Email Marketing;2025-01-17
954;Sudeste;Redes Sociais;2026-07-18
955;Nordeste;Marketing Pago;2024-11-02
956;Nordeste;Organico;2025-12-02
957;Sudeste;Redes Sociais;2026-01-14
958;Nordeste;Organico;2026-07-14
959;Sudeste;Organico;2025-10-07
960;Nordeste;Marketing Pago;2025-03-23
961;Sudeste;Redes Sociais;2024-11-13
962;Sudeste;Marketing Pago;2025-06-03
963;Sudeste;Indicacao;2024-12-15
964;Sul;Redes Sociais;2024-10-10
965;Sul;Organico;2026-05-28
966;Sudeste;Marketing Pago;2025-03-07
967;Sul;Organico;2025-09-26
968;Sul;Marketing Pago;2025-03-11
969;Sudeste;Organico;2024-12-05
970;Sul;Marketing Pago;2025-10-14
971;Sudeste;Organico;2025-05-11
972;Sul;Organico;2026-04-08
973;Sul;Redes Sociais;2026-07-09
974;Sudeste;Indicacao;2025-06-05
975;Sudeste;Redes Sociais;2025-02-10
976;Nordeste;Organico;2024-09-25
977;Nordeste;Indicacao;2025-04-03
978;Sul;Organico;2025-12-25
979;Sul;Organico;2024-08-13
980;Norte;Email Marketing;2024-12-14
981;Sudeste;Indicacao;2025-10-05
982;Sudeste;Redes Sociais;2025-11-26
983;Norte;Indicacao;2024-08-18
984;Sul;Organico;2025-03-09
985;Sudeste;Organico;2025-09-12
986;Sul;Redes Sociais;2025-12-27
987;Nordeste;Marketing Pago;2025-09-16
988;Sudeste;Marketing Pago;2026-04-23
989;Sudeste;Organico;2024-10-20
990;Sul;Organico;2025-01-07
991;Sul;Marketing Pago;2026-05-12
992;Nordeste;Redes Sociais;2026-05-21
993;Sudeste;Redes Sociais;2025-04-02
994;Sudeste;Organico;2025-10-19
995;Sudeste;Redes Sociais;2024-09-26
996;Sudeste;Redes Sociais;2025-01-27
997;Sudeste;Redes Sociais;2026-07-20
998;Sudeste;Marketing Pago;2025-07-22
999;Sul;Indicacao;2025-04-23
1000;Sudeste;Organico;2025-05-03
1001;Nordeste;Organico;2024-08-31
1002;Sudeste;Marketing Pago;2026-01-19
1003;Sudeste;Redes Sociais;2026-03-14
1004;Sul;Marketing Pago;2026-01-06
1005;Sudeste;Marketing Pago;2026-03-04
1006;Sudeste;Organico;2024-11-14
1007;Centro-Oeste;Redes Sociais;2024-11-27
1008;Sudeste;Marketing Pago;2024-09-15
1009;Centro-Oeste;Organico;2024-09-17
1010;Sul;Marketing Pago;2025-01-01
1011;Sudeste;Email Marketing;2024-09-06
1012;Sul;Email Marketing;2026-06-03
1013;Sudeste;Marketing Pago;2025-10-01
1014;Centro-Oeste;Marketing Pago;2024-10-19
1015;Sul;Organico;2026-06-21
1016;Centro-Oeste;Organico;2026-01-11
1017;Norte;Email Marketing;2024-10-10
1018;Centro-Oeste;Indicacao;2025-06-15
1019;Sudeste;Redes Sociais;2024-08-09
1020;Sudeste;Organico;2025-06-08
1021;Nordeste;Organico;2025-08-13
1022;Sul;Marketing Pago;2025-02-17
1023;Nordeste;Marketing Pago;2025-04-09
1024;Sudeste;Email Marketing;2024-08-25
1025;Sudeste;Marketing Pago;2026-07-12
1026;Centro-Oeste;Email Marketing;2024-08-02
1027;Nordeste;Marketing Pago;2025-06-11
1028;Sudeste;Marketing Pago;2025-04-01
1029;Sudeste;Email Marketing;2024-12-24
1030;Nordeste;Organico;2025-03-26
1031;Centro-Oeste;Marketing Pago;2026-07-19
1032;Centro-Oeste;Marketing Pago;2024-10-26
1033;Sul;Marketing Pago;2026-05-15
1034;Nordeste;Organico;2026-03-05
1035;Sudeste;Redes Sociais;2024-12-12
1036;Sudeste;Organico;2025-06-19
1037;Centro-Oeste;Marketing Pago;2025-07-01
1038;Sudeste;Organico;2024-10-16
1039;Centro-Oeste;Organico;2026-03-22
1040;Sudeste;Organico;2025-11-04
1041;Sul;Marketing Pago;2026-01-31
1042;Sudeste;Indicacao;2025-11-06
1043;Sudeste;Organico;2024-12-01
1044;Sudeste;Indicacao;2025-06-08
1045;Nordeste;Redes Sociais;2024-09-11
1046;Sudeste;Indicacao;2024-12-30
1047;Sudeste;Organico;2025-07-31
1048;Sudeste;Organico;2025-06-03
1049;Sudeste;Email Marketing;2024-09-01
1050;Norte;Indicacao;2026-02-21
1051;Nordeste;Organico;2025-11-17
1052;Sudeste;Indicacao;2024-12-03
1053;Sudeste;Indicacao;2025-03-16
1054;Sudeste;Indicacao;2025-08-17
1055;Nordeste;Email Marketing;2024-10-26
1056;Sul;Organico;2024-10-16
1057;Sudeste;Organico;2026-05-24
1058;Sudeste;Organico;2025-07-06
1059;Sudeste;Email Marketing;2024-09-21
1060;Sudeste;Redes Sociais;2025-09-09
1061;Sul;Marketing Pago;2025-10-11
1062;Sudeste;Organico;2025-02-08
1063;Sudeste;Marketing Pago;2024-12-31
1064;Sudeste;Redes Sociais;2025-04-09
1065;Sul;Marketing Pago;2026-02-15
1066;Sul;Organico;2025-08-28
1067;Sudeste;Organico;2026-01-21
1068;Sudeste;Email Marketing;2026-02-08
1069;Nordeste;Email Marketing;2025-08-03
1070;Sul;Indicacao;2025-07-19
1071;Centro-Oeste;Marketing Pago;2025-09-02
1072;Sudeste;Organico;2026-04-04
1073;Sudeste;Indicacao;2025-05-15
1074;Sudeste;Email Marketing;2026-01-25
1075;Sudeste;Redes Sociais;2025-03-27
1076;Norte;Organico;2026-06-04
1077;Sudeste;Marketing Pago;2024-09-27
1078;Nordeste;Email Marketing;2026-03-13
1079;Nordeste;Indicacao;2025-07-30
1080;Centro-Oeste;Email Marketing;2025-01-25
1081;Sudeste;Redes Sociais;2026-07-16
1082;Sudeste;Redes Sociais;2026-07-22
1083;Nordeste;Email Marketing;2026-03-01
1084;Sudeste;Email Marketing;2025-12-18
1085;Sul;Organico;2024-09-08
1086;Sudeste;Organico;2025-03-13
1087;Sudeste;Marketing Pago;2025-07-06
1088;Centro-Oeste;Organico;2024-12-12
1089;Sudeste;Organico;2025-06-28
1090;Sudeste;Organico;2026-07-23
1091;Centro-Oeste;Indicacao;2026-01-21
1092;Centro-Oeste;Email Marketing;2025-08-18
1093;Nordeste;Redes Sociais;2026-03-24
1094;Sudeste;Marketing Pago;2024-12-18
1095;Norte;Redes Sociais;2025-10-22
1096;Nordeste;Email Marketing;2026-05-27
1097;Sudeste;Redes Sociais;2026-02-27
1098;Nordeste;Email Marketing;2025-08-01
1099;Sudeste;Redes Sociais;2025-01-27
1100;Sudeste;Redes Sociais;2025-05-29
1101;Sudeste;Redes Sociais;2026-07-20
1102;Centro-Oeste;Marketing Pago;2026-03-05
1103;Sudeste;Redes Sociais;2026-04-19
1104;Sudeste;Redes Sociais;2025-12-22
1105;Sudeste;Redes Sociais;2025-04-01
1106;Sudeste;Marketing Pago;2026-05-14
1107;Centro-Oeste;Organico;2026-07-27
1108;Nordeste;Redes Sociais;2025-07-10
1109;Sudeste;Organico;2025-04-13
1110;Nordeste;Marketing Pago;2024-11-19
1111;Nordeste;Organico;2025-10-23
1112;Nordeste;Email Marketing;2025-09-28
1113;Sul;Marketing Pago;2026-02-11
1114;Sudeste;Indicacao;2026-03-15
1115;Nordeste;Redes Sociais;2025-01-14
1116;Sul;Indicacao;2024-09-04
1117;Sudeste;Marketing Pago;2024-11-16
1118;Sudeste;Organico;2025-08-20
1119;Sudeste;Organico;2024-11-04
1120;Sudeste;Email Marketing;2025-12-08
1121;Nordeste;Marketing Pago;2026-06-01
1122;Sudeste;Indicacao;2025-01-08
1123;Sudeste;Marketing Pago;2025-02-11
1124;Sudeste;Redes Sociais;2026-02-05
1125;Sudeste;Organico;2025-04-01
1126;Sudeste;Marketing Pago;2026-02-14
1127;Nordeste;Organico;2025-08-05
1128;Sudeste;Organico;2026-06-09
1129;Sul;Marketing Pago;2024-11-08
1130;Sudeste;Organico;2025-05-26
1131;Norte;Marketing Pago;2024-11-27
1132;Sudeste;Marketing Pago;2025-12-14
1133;Centro-Oeste;Organico;2026-05-20
1134;Sul;Organico;2025-08-26
1135;Sudeste;Marketing Pago;2025-04-27
1136;Sudeste;Organico;2025-05-03
1137;Sul;Organico;2026-07-15
1138;Nordeste;Organico;2025-07-19
1139;Nordeste;Marketing Pago;2026-03-27
1140;Sudeste;Organico;2025-09-01
1141;Nordeste;Marketing Pago;2026-01-31
1142;Nordeste;Email Marketing;2026-03-10
1143;Centro-Oeste;Marketing Pago;2024-10-20
1144;Sudeste;Indicacao;2024-09-05
1145;Sul;Email Marketing;2026-03-09
1146;Nordeste;Redes Sociais;2024-12-02
1147;Centro-Oeste;Marketing Pago;2025-01-19
1148;Norte;Indicacao;2024-12-08
1149;Sudeste;Organico;2026-07-01
1150;Sudeste;Email Marketing;2026-05-05
1151;Sudeste;Redes Sociais;2025-06-24
1152;Centro-Oeste;Email Marketing;2024-10-08
1153;Sudeste;Redes Sociais;2026-02-17
1154;Sudeste;Organico;2025-11-13
1155;Centro-Oeste;Organico;2026-07-19
1156;Sul;Marketing Pago;2025-10-04
1157;Sudeste;Organico;2026-03-04
1158;Sul;Indicacao;2024-11-11
1159;Centro-Oeste;Redes Sociais;2024-11-12
1160;Nordeste;Indicacao;2025-07-19
1161;Centro-Oeste;Organico;2026-06-02
1162;Sul;Redes Sociais;2024-09-08
1163;Sudeste;Marketing Pago;2026-04-26
1164;Sul;Redes Sociais;2024-09-09
1165;Sudeste;Indicacao;2026-07-09
1166;Sudeste;Redes Sociais;2025-05-03
1167;Centro-Oeste;Organico;2025-06-07
1168;Sudeste;Indicacao;2026-07-14
1169;Nordeste;Email Marketing;2025-03-22
1170;Sudeste;Email Marketing;2025-10-28
1171;Nordeste;Marketing Pago;2025-10-01
1172;Sul;Organico;2025-10-27
1173;Sudeste;Indicacao;2025-12-10
1174;Nordeste;Indicacao;2024-09-27
1175;Sul;Organico;2025-06-15
1176;Nordeste;Marketing Pago;2026-01-19
1177;Centro-Oeste;Organico;2025-02-14
1178;Centro-Oeste;Organico;2024-09-29
1179;Sudeste;Marketing Pago;2025-08-05
1180;Nordeste;Organico;2025-11-19
1181;Sul;Redes Sociais;2024-12-05
1182;Nordeste;Organico;2025-12-14
1183;Sul;Organico;2025-11-29
1184;Sul;Marketing Pago;2025-01-15
1185;Nordeste;Organico;2026-07-07
1186;Sudeste;Organico;2024-09-20
1187;Sudeste;Redes Sociais;2025-03-08
1188;Centro-Oeste;Redes Sociais;2026-06-25
1189;Sudeste;Redes Sociais;2026-01-08
1190;Sudeste;Indicacao;2026-06-30
1191;Sudeste;Email Marketing;2026-05-25
1192;Sudeste;Indicacao;2025-03-18
1193;Sudeste;Indicacao;2025-06-09
1194;Nordeste;Redes Sociais;2025-05-09
1195;Sudeste;Marketing Pago;2025-07-24
1196;Sul;Organico;2025-06-06
1197;Nordeste;Indicacao;2025-09-11
1198;Sul;Organico;2026-06-10
1199;Norte;Indicacao;2026-02-26
1200;Sul;Redes Sociais;2025-06-02
1201;Nordeste;Marketing Pago;2025-07-11
1202;Norte;Redes Sociais;2025-05-11
1203;Sudeste;Redes Sociais;2026-05-30
1204;Sudeste;Organico;2025-04-04
1205;Centro-Oeste;Indicacao;2026-04-07
1206;Sudeste;Marketing Pago;2024-12-22
1207;Nordeste;Redes Sociais;2025-05-30
1208;Sudeste;Marketing Pago;2025-09-02
1209;Nordeste;Redes Sociais;2026-03-09
1210;Nordeste;Marketing Pago;2025-03-16
1211;Nordeste;Redes Sociais;2025-12-01
1212;Centro-Oeste;Redes Sociais;2026-01-02
1213;Sudeste;Organico;2026-06-05
1214;Centro-Oeste;Organico;2024-11-08
1215;Sul;Redes Sociais;2026-02-24
1216;Nordeste;Organico;2026-06-28
1217;Centro-Oeste;Redes Sociais;2025-03-16
1218;Sudeste;Redes Sociais;2025-06-11
1219;Sudeste;Indicacao;2025-08-16
1220;Sudeste;Organico;2024-11-29
1221;Sul;Indicacao;2026-03-21
1222;Sul;Redes Sociais;2025-11-27
1223;Centro-Oeste;Marketing Pago;2026-06-29
1224;Sudeste;Organico;2024-09-25
1225;Centro-Oeste;Organico;2025-02-22
1226;Sudeste;Email Marketing;2025-11-12
1227;Sudeste;Indicacao;2025-02-01
1228;Nordeste;Marketing Pago;2026-05-09
1229;Norte;Marketing Pago;2024-09-29
1230;Sudeste;Organico;2025-01-20
1231;Sul;Organico;2024-10-30
1232;Sudeste;Marketing Pago;2025-10-14
1233;Sudeste;Email Marketing;2025-08-28
1234;Sudeste;Marketing Pago;2025-08-18
1235;Norte;Indicacao;2026-01-26
1236;Sudeste;Redes Sociais;2026-05-04
1237;Nordeste;Organico;2025-07-19
1238;Sudeste;Organico;2025-12-29
1239;Sul;Organico;2024-09-16
1240;Sudeste;Organico;2026-01-15
1241;Sul;Marketing Pago;2026-07-05
1242;Norte;Marketing Pago;2025-12-15
1243;Sudeste;Organico;2025-09-18
1244;Sudeste;Organico;2024-12-13
1245;Sudeste;Organico;2025-12-30
1246;Sudeste;Marketing Pago;2026-05-29
1247;Nordeste;Marketing Pago;2026-05-18
1248;Sudeste;Marketing Pago;2024-09-19
1249;Sul;Organico;2024-11-19
1250;Nordeste;Organico;2026-07-08
1251;Sudeste;Marketing Pago;2024-12-05
1252;Sul;Marketing Pago;2025-01-04
1253;Sudeste;Redes Sociais;2024-08-10
1254;Sudeste;Redes Sociais;2026-06-10
1255;Sul;Redes Sociais;2026-07-19
1256;Sudeste;Indicacao;2024-11-16
1257;Sul;Redes Sociais;2025-05-17
1258;Sudeste;Organico;2025-02-20
1259;Sul;Indicacao;2026-01-18
1260;Norte;Marketing Pago;2025-09-24
1261;Sudeste;Organico;2025-12-22
1262;Centro-Oeste;Redes Sociais;2025-12-06
1263;Sudeste;Organico;2026-06-19
1264;Sudeste;Organico;2026-03-11
1265;Nordeste;Organico;2024-11-01
1266;Nordeste;Organico;2024-11-12
1267;Centro-Oeste;Redes Sociais;2025-11-11
1268;Norte;Organico;2025-11-19
1269;Sudeste;Indicacao;2024-09-10
1270;Centro-Oeste;Marketing Pago;2026-06-25
1271;Sudeste;Redes Sociais;2024-11-06
1272;Centro-Oeste;Indicacao;2024-08-10
1273;Centro-Oeste;Redes Sociais;2025-01-22
1274;Sudeste;Indicacao;2026-04-29
1275;Sudeste;Redes Sociais;2025-08-17
1276;Nordeste;Organico;2025-09-15
1277;Sudeste;Marketing Pago;2025-08-30
1278;Nordeste;Marketing Pago;2025-10-06
1279;Sul;Indicacao;2024-11-24
1280;Sudeste;Redes Sociais;2025-01-11
1281;Sudeste;Email Marketing;2025-12-08
1282;Nordeste;Redes Sociais;2025-02-02
1283;Sul;Indicacao;2026-04-19
1284;Sudeste;Redes Sociais;2024-12-12
1285;Sul;Marketing Pago;2025-09-26
1286;Sudeste;Organico;2026-06-02
1287;Sudeste;Redes Sociais;2026-06-26
1288;Sul;Redes Sociais;2026-03-02
1289;Sudeste;Email Marketing;2025-07-13
1290;Sul;Redes Sociais;2026-04-26
1291;Sudeste;Redes Sociais;2025-04-12
1292;Sul;Redes Sociais;2026-05-19
1293;Sudeste;Indicacao;2026-02-23
1294;Centro-Oeste;Redes Sociais;2024-08-12
1295;Sul;Organico;2025-11-24
1296;Centro-Oeste;Indicacao;2024-10-16
1297;Nordeste;Marketing Pago;2025-07-05
1298;Norte;Organico;2025-03-17
1299;Sul;Marketing Pago;2025-03-29
1300;Sudeste;Marketing Pago;2026-03-10
1301;Sudeste;Indicacao;2025-11-01
1302;Sudeste;Email Marketing;2026-06-01
1303;Sudeste;Marketing Pago;2024-09-06
1304;Sul;Organico;2024-11-02
1305;Nordeste;Email Marketing;2026-05-15
1306;Sudeste;Marketing Pago;2025-02-28
1307;Nordeste;Marketing Pago;2025-07-16
1308;Sudeste;Organico;2025-03-17
1309;Nordeste;Marketing Pago;2026-04-27
1310;Sul;Redes Sociais;2025-08-08
1311;Nordeste;Organico;2026-06-06
1312;Sudeste;Marketing Pago;2026-05-11
1313;Norte;Organico;2026-01-17
1314;Sudeste;Organico;2025-01-16
1315;Sul;Indicacao;2025-09-24
1316;Sudeste;Redes Sociais;2025-02-09
1317;Sudeste;Indicacao;2025-03-09
1318;Sul;Indicacao;2025-07-13
1319;Sudeste;Marketing Pago;2026-05-11
1320;Nordeste;Redes Sociais;2025-11-05
1321;Sul;Redes Sociais;2025-12-30
1322;Sudeste;Marketing Pago;2026-01-26
1323;Nordeste;Redes Sociais;2025-10-18
1324;Nordeste;Marketing Pago;2026-01-03
1325;Nordeste;Email Marketing;2026-07-10
1326;Sul;Redes Sociais;2024-12-10
1327;Sudeste;Redes Sociais;2026-04-13
1328;Centro-Oeste;Marketing Pago;2025-08-29
1329;Sudeste;Redes Sociais;2026-07-11
1330;Nordeste;Organico;2025-07-18
1331;Norte;Marketing Pago;2024-12-15
1332;Sudeste;Redes Sociais;2026-01-07
1333;Sudeste;Redes Sociais;2025-06-18
1334;Nordeste;Email Marketing;2026-05-10
1335;Sudeste;Organico;2025-05-25
1336;Nordeste;Email Marketing;2024-12-14
1337;Norte;Redes Sociais;2025-01-30
1338;Sul;Redes Sociais;2025-06-27
1339;Nordeste;Indicacao;2026-02-27
1340;Sul;Redes Sociais;2026-06-15
1341;Nordeste;Redes Sociais;2026-01-29
1342;Sudeste;Indicacao;2024-08-14
1343;Sul;Organico;2024-12-27
1344;Sudeste;Organico;2025-05-01
1345;Nordeste;Organico;2025-05-21
1346;Nordeste;Organico;2024-10-03
1347;Nordeste;Organico;2026-02-06
1348;Sudeste;Indicacao;2024-11-13
1349;Sul;Redes Sociais;2026-02-27
1350;Centro-Oeste;Redes Sociais;2026-02-26
1351;Sudeste;Marketing Pago;2026-07-14
1352;Sudeste;Redes Sociais;2025-08-26
1353;Sudeste;Email Marketing;2026-07-03
1354;Sudeste;Redes Sociais;2024-08-14
1355;Nordeste;Organico;2025-10-28
1356;Nordeste;Email Marketing;2026-07-23
1357;Nordeste;Marketing Pago;2026-03-26
1358;Sul;Redes Sociais;2025-02-15
1359;Sudeste;Organico;2026-07-01
1360;Sudeste;Email Marketing;2026-01-09
1361;Sudeste;Organico;2025-05-13
1362;Sul;Organico;2026-03-22
1363;Nordeste;Organico;2025-11-21
1364;Nordeste;Organico;2025-01-05
1365;Centro-Oeste;Redes Sociais;2026-05-03
1366;Sul;Redes Sociais;2025-12-16
1367;Nordeste;Redes Sociais;2024-10-14
1368;Nordeste;Marketing Pago;2025-03-14
1369;Norte;Marketing Pago;2025-12-31
1370;Sudeste;Marketing Pago;2025-09-18
1371;Sudeste;Organico;2025-03-07
1372;Nordeste;Marketing Pago;2025-05-28
1373;Sudeste;Indicacao;2026-01-26
1374;Sul;Redes Sociais;2026-05-27
1375;Sudeste;Redes Sociais;2025-10-31
1376;Sudeste;Redes Sociais;2026-04-29
1377;Sudeste;Organico;2025-06-25
1378;Sudeste;Indicacao;2024-11-25
1379;Sudeste;Marketing Pago;2025-05-17
1380;Sudeste;Marketing Pago;2025-08-19
1381;Sul;Marketing Pago;2025-12-12
1382;Sudeste;Indicacao;2025-02-14
1383;Sudeste;Organico;2024-11-07
1384;Sudeste;Email Marketing;2026-02-02
1385;Sul;Redes Sociais;2025-03-04
1386;Nordeste;Indicacao;2026-07-03
1387;Sudeste;Organico;2026-02-02
1388;Nordeste;Indicacao;2025-10-20
1389;Sul;Email Marketing;2026-07-04
1390;Sudeste;Marketing Pago;2025-07-06
1391;Sudeste;Organico;2025-01-30
1392;Nordeste;Redes Sociais;2026-03-12
1393;Nordeste;Email Marketing;2025-09-22
1394;Sudeste;Redes Sociais;2025-10-18
1395;Sudeste;Marketing Pago;2024-11-30
1396;Sul;Redes Sociais;2026-04-26
1397;Sudeste;Redes Sociais;2024-09-16
1398;Nordeste;Organico;2025-12-28
1399;Sudeste;Indicacao;2025-06-05
1400;Sul;Organico;2025-10-23
1401;Sudeste;Indicacao;2024-09-01
1402;Sul;Marketing Pago;2024-12-18
1403;Nordeste;Indicacao;2026-02-10
1404;Sudeste;Redes Sociais;2025-06-02
1405;Nordeste;Email Marketing;2026-05-26
1406;Sudeste;Email Marketing;2026-02-18
1407;Centro-Oeste;Organico;2024-09-12
1408;Sudeste;Redes Sociais;2026-02-02
1409;Sul;Organico;2025-03-04
1410;Nordeste;Email Marketing;2025-07-19
1411;Sudeste;Email Marketing;2026-01-07
1412;Sudeste;Organico;2026-04-24
1413;Nordeste;Organico;2025-02-02
1414;Nordeste;Redes Sociais;2024-09-25
1415;Centro-Oeste;Email Marketing;2026-02-14
1416;Sul;Marketing Pago;2025-05-25
1417;Nordeste;Organico;2025-02-19
1418;Nordeste;Marketing Pago;2025-07-05
1419;Sudeste;Redes Sociais;2025-03-29
1420;Sudeste;Redes Sociais;2025-02-15
1421;Sudeste;Marketing Pago;2026-04-24
1422;Nordeste;Redes Sociais;2025-01-04
1423;Sul;Marketing Pago;2025-06-20
1424;Norte;Organico;2025-06-17
1425;Sudeste;Organico;2026-05-19
1426;Sudeste;Indicacao;2024-12-16
1427;Nordeste;Marketing Pago;2025-12-05
1428;Sul;Marketing Pago;2025-06-09
1429;Sul;Organico;2026-05-24
1430;Sul;Indicacao;2024-12-22
1431;Centro-Oeste;Organico;2026-05-04
1432;Sudeste;Organico;2024-08-20
1433;Nordeste;Redes Sociais;2026-03-19
1434;Sul;Indicacao;2025-03-06
1435;Centro-Oeste;Redes Sociais;2026-02-08
1436;Centro-Oeste;Marketing Pago;2026-06-01
1437;Nordeste;Marketing Pago;2025-03-17
1438;Centro-Oeste;Redes Sociais;2025-05-25
1439;Sudeste;Marketing Pago;2024-11-01
1440;Sudeste;Marketing Pago;2026-06-10
1441;Sudeste;Email Marketing;2026-04-21
1442;Nordeste;Indicacao;2024-12-22
1443;Sudeste;Organico;2026-03-03
1444;Nordeste;Email Marketing;2025-12-09
1445;Centro-Oeste;Organico;2025-12-13
1446;Sudeste;Organico;2025-03-28
1447;Sudeste;Organico;2025-08-05
1448;Sudeste;Email Marketing;2024-09-17
1449;Sudeste;Redes Sociais;2024-11-14
1450;Nordeste;Marketing Pago;2025-05-08
1451;Nordeste;Organico;2026-02-09
1452;Sul;Marketing Pago;2025-08-23
1453;Sudeste;Redes Sociais;2024-10-19
1454;Sul;Marketing Pago;2025-03-17
1455;Sul;Marketing Pago;2025-07-20
1456;Sul;Marketing Pago;2026-04-11
1457;Sudeste;Indicacao;2025-10-25
1458;Sudeste;Organico;2026-05-21
1459;Sudeste;Organico;2025-01-09
1460;Sudeste;Redes Sociais;2024-11-30
1461;Nordeste;Marketing Pago;2025-07-05
1462;Nordeste;Marketing Pago;2025-12-04
1463;Sul;Redes Sociais;2026-05-25
1464;Nordeste;Organico;2024-09-14
1465;Sudeste;Redes Sociais;2024-12-16
1466;Sul;Organico;2026-03-10
1467;Sudeste;Organico;2025-02-01
1468;Sul;Marketing Pago;2026-03-01
1469;Sul;Indicacao;2026-06-09
1470;Nordeste;Email Marketing;2025-03-10
1471;Sudeste;Email Marketing;2025-12-07
1472;Sudeste;Indicacao;2026-04-08
1473;Sudeste;Redes Sociais;2025-02-03
1474;Sul;Marketing Pago;2025-01-19
1475;Nordeste;Marketing Pago;2025-11-08
1476;Sul;Organico;2025-08-23
1477;Sudeste;Organico;2025-02-24
1478;Sul;Email Marketing;2026-07-02
1479;Sudeste;Organico;2024-11-07
1480;Sudeste;Email Marketing;2026-04-07
1481;Sudeste;Indicacao;2025-12-29
1482;Nordeste;Organico;2026-06-07
1483;Sudeste;Redes Sociais;2024-08-02
1484;Centro-Oeste;Indicacao;2026-05-27
1485;Sudeste;Marketing Pago;2024-09-14
1486;Nordeste;Marketing Pago;2025-12-07
1487;Nordeste;Marketing Pago;2026-03-27
1488;Nordeste;Email Marketing;2026-07-15
1489;Sul;Marketing Pago;2025-04-18
1490;Sul;Organico;2024-10-25
1491;Sudeste;Indicacao;2025-09-23
1492;Sudeste;Organico;2024-08-08
1493;Sul;Organico;2024-08-08
1494;Sudeste;Organico;2025-06-20
1495;Sudeste;Organico;2025-10-11
1496;Nordeste;Organico;2026-01-31
1497;Sudeste;Marketing Pago;2025-05-10
1498;Norte;Marketing Pago;2025-02-25
1499;Sudeste;Indicacao;2025-12-08
1500;Sudeste;Redes Sociais;2025-12-09
1501;Sudeste;Marketing Pago;2025-07-19
1502;Nordeste;Marketing Pago;2024-12-20
1503;Centro-Oeste;Redes Sociais;2025-03-24
1504;Sudeste;Redes Sociais;2025-01-13
1505;Sudeste;Marketing Pago;2025-07-13
1506;Nordeste;Redes Sociais;2026-07-02
1507;Nordeste;Organico;2026-05-14
1508;Sudeste;Organico;2024-12-27
1509;Sul;Redes Sociais;2024-10-30
1510;Sudeste;Organico;2024-10-21
1511;Sul;Redes Sociais;2025-09-15
1512;Sul;Marketing Pago;2026-07-30
1513;Norte;Organico;2025-01-27
1514;Sul;Marketing Pago;2025-02-23
1515;Centro-Oeste;Email Marketing;2026-01-13
1516;Sudeste;Organico;2026-04-06
1517;Sul;Redes Sociais;2026-04-22
1518;Sudeste;Organico;2025-04-02
1519;Nordeste;Email Marketing;2024-10-28
1520;Norte;Indicacao;2025-07-28
1521;Nordeste;Marketing Pago;2025-02-22
1522;Sul;Redes Sociais;2024-10-10
1523;Centro-Oeste;Marketing Pago;2026-02-24
1524;Centro-Oeste;Marketing Pago;2025-05-11
1525;Sudeste;Email Marketing;2025-11-09
1526;Centro-Oeste;Redes Sociais;2025-04-25
1527;Sudeste;Marketing Pago;2026-02-24
1528;Sudeste;Organico;2024-11-28
1529;Nordeste;Email Marketing;2026-02-02
1530;Nordeste;Redes Sociais;2026-07-12
1531;Sudeste;Marketing Pago;2025-12-09
1532;Nordeste;Indicacao;2025-11-13
1533;Nordeste;Indicacao;2024-08-29
1534;Sul;Organico;2025-08-27
1535;Sul;Email Marketing;2026-06-25
1536;Nordeste;Indicacao;2025-09-27
1537;Norte;Marketing Pago;2024-08-10
1538;Nordeste;Organico;2025-05-22
1539;Sudeste;Redes Sociais;2025-07-17
1540;Sudeste;Email Marketing;2025-12-01
1541;Sudeste;Organico;2026-03-11
1542;Sudeste;Email Marketing;2026-07-01
1543;Centro-Oeste;Organico;2025-02-21
1544;Sudeste;Organico;2025-04-29
1545;Sudeste;Organico;2025-04-13
1546;Nordeste;Marketing Pago;2024-11-18
1547;Sudeste;Organico;2026-06-11
1548;Sul;Organico;2026-02-06
1549;Norte;Indicacao;2025-08-16
1550;Sul;Marketing Pago;2026-03-12
1551;Centro-Oeste;Marketing Pago;2026-01-06
1552;Sudeste;Organico;2026-03-14
1553;Sudeste;Marketing Pago;2025-10-08
1554;Sul;Marketing Pago;2025-12-28
1555;Sudeste;Indicacao;2025-01-26
1556;Sul;Organico;2026-01-13
1557;Sul;Redes Sociais;2024-08-13
1558;Nordeste;Marketing Pago;2024-11-12
1559;Sudeste;Redes Sociais;2025-04-23
1560;Sudeste;Organico;2025-05-03
1561;Sul;Redes Sociais;2025-08-10
1562;Sudeste;Marketing Pago;2025-10-04
1563;Nordeste;Marketing Pago;2025-09-15
1564;Sudeste;Organico;2024-12-13
1565;Norte;Redes Sociais;2024-11-11
1566;Nordeste;Indicacao;2026-02-20
1567;Sudeste;Marketing Pago;2024-12-28
1568;Nordeste;Redes Sociais;2025-11-28
1569;Nordeste;Organico;2025-12-25
1570;Sudeste;Indicacao;2026-05-08
1571;Sul;Redes Sociais;2025-12-12
1572;Sudeste;Redes Sociais;2026-03-05
1573;Sudeste;Organico;2025-01-15
1574;Sudeste;Indicacao;2025-12-01
1575;Nordeste;Organico;2025-07-09
1576;Sudeste;Marketing Pago;2026-02-22
1577;Centro-Oeste;Organico;2024-08-21
1578;Sudeste;Marketing Pago;2026-06-27
1579;Norte;Organico;2026-03-13
1580;Sul;Marketing Pago;2025-05-19
1581;Sudeste;Redes Sociais;2025-12-13
1582;Nordeste;Marketing Pago;2024-10-20
1583;Sudeste;Organico;2026-05-09
1584;Norte;Indicacao;2026-05-18
1585;Nordeste;Marketing Pago;2026-05-09
1586;Sul;Marketing Pago;2024-10-13
1587;Sudeste;Marketing Pago;2025-06-18
1588;Sudeste;Organico;2025-05-01
1589;Sul;Marketing Pago;2025-10-30
1590;Nordeste;Email Marketing;2026-03-25
1591;Sul;Marketing Pago;2025-01-19
1592;Sudeste;Organico;2025-03-29
1593;Nordeste;Email Marketing;2026-07-19
1594;Nordeste;Organico;2025-09-11
1595;Sudeste;Organico;2025-11-28
1596;Sul;Organico;2025-09-11
1597;Sul;Email Marketing;2024-11-15
1598;Sudeste;Organico;2026-06-02
1599;Centro-Oeste;Marketing Pago;2025-03-23
1600;Sudeste;Organico;2026-05-04
1601;Sudeste;Marketing Pago;2025-01-22
1602;Sudeste;Redes Sociais;2025-06-30
1603;Centro-Oeste;Marketing Pago;2026-02-05
1604;Centro-Oeste;Marketing Pago;2024-12-17
1605;Norte;Redes Sociais;2025-01-29
1606;Sul;Marketing Pago;2026-05-14
1607;Centro-Oeste;Marketing Pago;2026-05-18
1608;Sul;Marketing Pago;2025-07-22
1609;Sul;Organico;2024-10-31
1610;Sudeste;Marketing Pago;2025-04-24
1611;Sudeste;Organico;2026-01-18
1612;Nordeste;Indicacao;2025-07-19
1613;Sudeste;Marketing Pago;2026-07-06
1614;Centro-Oeste;Email Marketing;2025-12-02
1615;Sudeste;Indicacao;2025-05-27
1616;Sul;Indicacao;2026-02-13
1617;Sudeste;Marketing Pago;2026-02-26
1618;Sudeste;Organico;2026-05-24
1619;Sudeste;Marketing Pago;2025-04-27
1620;Sudeste;Redes Sociais;2026-01-12
1621;Nordeste;Email Marketing;2026-07-12
1622;Nordeste;Organico;2026-01-27
1623;Nordeste;Marketing Pago;2024-10-10
1624;Sudeste;Organico;2026-05-15
1625;Sul;Marketing Pago;2026-07-19
1626;Sul;Organico;2024-08-20
1627;Sudeste;Email Marketing;2024-08-23
1628;Sudeste;Organico;2025-05-03
1629;Sudeste;Marketing Pago;2024-08-09
1630;Sudeste;Organico;2025-12-19
1631;Sudeste;Marketing Pago;2025-12-24
1632;Norte;Marketing Pago;2024-09-02
1633;Sudeste;Indicacao;2024-12-28
1634;Sudeste;Indicacao;2024-10-13
1635;Sul;Organico;2025-04-14
1636;Nordeste;Indicacao;2024-12-03
1637;Norte;Redes Sociais;2025-08-30
1638;Nordeste;Marketing Pago;2024-09-04
1639;Sudeste;Redes Sociais;2024-11-05
1640;Sul;Email Marketing;2025-11-28
1641;Sudeste;Email Marketing;2025-06-27
1642;Sudeste;Redes Sociais;2026-02-14
1643;Sul;Organico;2026-05-16
1644;Sudeste;Marketing Pago;2024-09-23
1645;Centro-Oeste;Organico;2024-11-24
1646;Sudeste;Marketing Pago;2024-08-16
1647;Sudeste;Organico;2024-12-01
1648;Sudeste;Organico;2024-09-13
1649;Sul;Redes Sociais;2026-07-06
1650;Sul;Marketing Pago;2024-10-31
1651;Sudeste;Marketing Pago;2026-07-04
1652;Sul;Email Marketing;2026-05-03
1653;Sudeste;Marketing Pago;2025-01-05
1654;Nordeste;Indicacao;2024-12-07
1655;Sul;Marketing Pago;2026-02-23
1656;Nordeste;Indicacao;2025-10-24
1657;Nordeste;Organico;2025-08-22
1658;Sudeste;Organico;2024-09-10
1659;Sul;Marketing Pago;2025-05-29
1660;Sul;Marketing Pago;2026-03-04
1661;Sudeste;Marketing Pago;2025-11-23
1662;Sudeste;Indicacao;2026-02-19
1663;Sudeste;Marketing Pago;2025-11-04
1664;Sudeste;Organico;2025-08-11
1665;Sul;Indicacao;2026-01-01
1666;Sudeste;Organico;2024-08-20
1667;Sul;Marketing Pago;2026-04-28
1668;Sudeste;Redes Sociais;2026-06-06
1669;Norte;Indicacao;2025-02-11
1670;Sul;Marketing Pago;2026-02-16
1671;Sudeste;Organico;2025-09-24
1672;Sul;Organico;2026-01-18
1673;Nordeste;Organico;2024-12-11
1674;Sudeste;Organico;2024-11-18
1675;Sul;Organico;2026-03-08
1676;Sul;Marketing Pago;2025-12-15
1677;Sul;Redes Sociais;2025-04-20
1678;Sudeste;Organico;2024-10-12
1679;Sudeste;Email Marketing;2026-06-03
1680;Sul;Indicacao;2024-10-21
1681;Sul;Redes Sociais;2025-08-05
1682;Sul;Email Marketing;2025-09-30
1683;Nordeste;Indicacao;2024-09-29
1684;Nordeste;Organico;2024-09-11
1685;Nordeste;Indicacao;2024-10-19
1686;Centro-Oeste;Email Marketing;2024-11-08
1687;Sudeste;Organico;2025-08-30
1688;Sudeste;Marketing Pago;2025-04-12
1689;Sul;Email Marketing;2026-02-23
1690;Nordeste;Marketing Pago;2024-11-17
1691;Nordeste;Redes Sociais;2026-06-22
1692;Sul;Redes Sociais;2024-11-15
1693;Sudeste;Organico;2025-09-16
1694;Sul;Redes Sociais;2026-01-29
1695;Norte;Marketing Pago;2025-07-27
1696;Centro-Oeste;Redes Sociais;2025-06-29
1697;Nordeste;Marketing Pago;2026-05-11
1698;Sudeste;Redes Sociais;2026-04-16
1699;Sudeste;Marketing Pago;2025-08-20
1700;Nordeste;Email Marketing;2025-04-18
1701;Sudeste;Marketing Pago;2025-09-11
1702;Sudeste;Organico;2025-05-19
1703;Sul;Marketing Pago;2025-06-06
1704;Sudeste;Email Marketing;2025-03-08
1705;Centro-Oeste;Organico;2026-07-08
1706;Nordeste;Email Marketing;2026-01-06
1707;Sul;Email Marketing;2025-01-06
1708;Sudeste;Marketing Pago;2025-01-07
1709;Sudeste;Marketing Pago;2026-03-20
1710;Sudeste;Organico;2025-06-04
1711;Sudeste;Marketing Pago;2025-03-11
1712;Nordeste;Redes Sociais;2025-12-08
1713;Sudeste;Indicacao;2026-07-08
1714;Nordeste;Indicacao;2024-11-06
1715;Sul;Marketing Pago;2026-03-14
1716;Sudeste;Indicacao;2025-07-09
1717;Sudeste;Indicacao;2025-10-01
1718;Centro-Oeste;Organico;2025-03-21
1719;Nordeste;Indicacao;2024-08-12
1720;Sul;Redes Sociais;2024-09-25
1721;Sudeste;Organico;2026-02-04
1722;Sul;Marketing Pago;2026-07-16
1723;Sudeste;Organico;2025-09-07
1724;Norte;Indicacao;2026-03-13
1725;Sul;Organico;2025-05-24
1726;Nordeste;Organico;2025-07-11
1727;Sudeste;Redes Sociais;2024-09-20
1728;Sul;Organico;2025-09-13
1729;Sul;Indicacao;2024-12-12
1730;Nordeste;Marketing Pago;2025-02-19
1731;Sul;Redes Sociais;2025-02-17
1732;Sul;Email Marketing;2026-01-19
1733;Sudeste;Organico;2025-10-15
1734;Sudeste;Email Marketing;2024-10-31
1735;Sudeste;Marketing Pago;2025-08-10
1736;Sudeste;Marketing Pago;2026-04-01
1737;Nordeste;Indicacao;2025-01-21
1738;Norte;Redes Sociais;2025-10-27
1739;Sul;Marketing Pago;2025-03-28
1740;Sudeste;Marketing Pago;2024-10-27
1741;Sudeste;Organico;2026-04-28
1742;Centro-Oeste;Indicacao;2025-05-22
1743;Sudeste;Redes Sociais;2024-11-22
1744;Sudeste;Marketing Pago;2025-07-06
1745;Sudeste;Marketing Pago;2025-02-25
1746;Sul;Indicacao;2026-02-13
1747;Sul;Redes Sociais;2024-12-23
1748;Nordeste;Redes Sociais;2025-08-21
1749;Sul;Redes Sociais;2024-09-14
1750;Sudeste;Organico;2025-02-22
1751;Nordeste;Redes Sociais;2024-09-24
1752;Sul;Email Marketing;2024-10-08
1753;Sudeste;Organico;2026-06-07
1754;Sudeste;Organico;2025-05-27
1755;Centro-Oeste;Redes Sociais;2025-03-25
1756;Norte;Marketing Pago;2026-07-28
1757;Sudeste;Marketing Pago;2026-04-04
1758;Sul;Organico;2025-12-26
1759;Norte;Redes Sociais;2026-07-31
1760;Sudeste;Organico;2026-01-25
1761;Sudeste;Marketing Pago;2025-01-08
1762;Sudeste;Redes Sociais;2025-07-30
1763;Sul;Organico;2025-12-27
1764;Sudeste;Organico;2025-04-21
1765;Centro-Oeste;Indicacao;2024-08-31
1766;Centro-Oeste;Email Marketing;2025-03-19
1767;Sudeste;Indicacao;2026-06-04
1768;Sudeste;Redes Sociais;2026-01-16
1769;Norte;Redes Sociais;2026-05-03
1770;Nordeste;Marketing Pago;2026-03-10
1771;Sudeste;Email Marketing;2026-04-12
1772;Sudeste;Marketing Pago;2025-02-28
1773;Nordeste;Redes Sociais;2026-07-02
1774;Nordeste;Indicacao;2025-06-13
1775;Nordeste;Indicacao;2024-12-17
1776;Sudeste;Email Marketing;2024-12-27
1777;Nordeste;Redes Sociais;2025-01-09
1778;Sudeste;Redes Sociais;2024-11-30
1779;Sudeste;Indicacao;2024-12-28
1780;Nordeste;Indicacao;2025-09-28
1781;Norte;Marketing Pago;2026-05-15
1782;Centro-Oeste;Organico;2025-02-09
1783;Sudeste;Organico;2026-04-19
1784;Sul;Redes Sociais;2026-04-20
1785;Sudeste;Organico;2026-07-05
1786;Sudeste;Organico;2025-12-02
1787;Sudeste;Indicacao;2025-11-24
1788;Nordeste;Marketing Pago;2025-09-01
1789;Sul;Organico;2025-02-14
1790;Sudeste;Marketing Pago;2024-08-16
1791;Centro-Oeste;Email Marketing;2025-03-16
1792;Nordeste;Email Marketing;2025-02-26
1793;Sudeste;Email Marketing;2025-10-24
1794;Centro-Oeste;Marketing Pago;2025-06-29
1795;Centro-Oeste;Indicacao;2025-10-12
1796;Sudeste;Organico;2025-08-25
1797;Nordeste;Marketing Pago;2026-03-09
1798;Sul;Marketing Pago;2026-07-23
1799;Nordeste;Marketing Pago;2025-11-06
1800;Sul;Indicacao;2025-04-09
